title,varcd,geo_lastlevel,last_period_available,last_update,periodicity,update_type
Fogos licenciados (N.º) em construções novas para habitação familiar,0012097,NUTS III,S3A202410,2024-12-09,Mensal,A
Edifícios licenciados (N.º),0012096,NUTS III,S3A202410,2024-12-09,Mensal,A
Tonelada-quilómetro (tkm) dos Veículos pesados de mercadorias,0007154,Continente,S5A20243,2024-12-06,Trimestral,A
Índice de custo de construção de habitação nova (Taxa de variação média anual - Base 2021 - %),0011751,Portugal,S3A202410,2024-12-04,Mensal,A
Índice de custo de construção de habitação nova (Base - 2021),0011748,Portugal,S3A202410,2024-12-04,Mensal,A
Unidades comerciais de dimensão relevante (N.º),0013916,NUTS II,S7A2023,2024-12-03,Anual,N
Taxa de intensidade da pobreza (%),0006263,Portugal,S7A2023,2024-12-03,Anual,A
Taxa de privação material e social (%),0011592,Portugal,S7A2024,2024-12-03,Anual,A
Limiar de risco de pobreza (€),0004218,Portugal,S7A2023,2024-12-03,Anual,A
Desigualdade na distribuição de rendimentos S90/S10 (N.º),0004214,Portugal,S7A2023,2024-12-03,Anual,A
Volume de vendas de produtos de marca própria (€) das unidades comerciais de dimensão relevante,0006955,NUTS II,S7A2023,2024-12-03,Anual,A
Volume de negócios (€) das unidades comerciais de dimensão relevante,0006944,NUTS II,S7A2023,2024-12-03,Anual,A
Volume de vendas (€) das unidades comerciais de dimensão relevante,0006940,Portugal,S7A2023,2024-12-03,Anual,A
Volume de negócios (€) das unidades comerciais de dimensão relevante,0013918,NUTS II,S7A2023,2024-12-03,Anual,N
Volume de vendas de produtos de marca própria (€) das unidades comerciais de dimensão relevante,0013924,NUTS II,S7A2023,2024-12-03,Anual,N
Unidades comerciais de dimensão relevante (N.º),0006939,Portugal,S7A2023,2024-12-03,Anual,A
Pessoal ao serviço (N.º) nas unidades comerciais de dimensão relevante,0006937,Portugal,S7A2023,2024-12-03,Anual,A
Pessoal ao serviço médio por unidade comercial de dimensão relevante (N.º),0006938,Portugal,S7A2023,2024-12-03,Anual,A
Unidades comerciais de dimensão relevante (N.º),0006942,NUTS II,S7A2023,2024-12-03,Anual,A
Volume de vendas (€) das unidades comerciais de dimensão relevante dedicadas ao comércio a retalho com predominância alimentar,0013922,NUTS II,S7A2023,2024-12-03,Anual,N
Pessoal ao serviço (N.º) nas unidades comerciais de dimensão relevante,0006941,NUTS II,S7A2023,2024-12-03,Anual,A
Volume de vendas (€) das unidades comerciais de dimensão relevante dedicadas ao comércio a retalho com predominância alimentar,0006952,Portugal,S7A2023,2024-12-03,Anual,A
Volume de vendas médio por m² de área de exposição e venda (€) nas unidades comerciais de dimensão relevante,0006950,NUTS II,S7A2023,2024-12-03,Anual,A
Resíduos urbanos recolhidos (t),0012771,Município,S7A2023,2024-12-02,Anual,A
Resíduos urbanos recolhidos por habitante (kg/ hab.),0012765,Município,S7A2023,2024-12-02,Anual,A
Produto interno bruto (B.1*g) a preços correntes (Base 2021 - €),0013428,Portugal,S5A20243,2024-11-29,Trimestral,A
Produto interno bruto dados encadeados em volume (B.1*g) (Taxa de variação homóloga - Base 2021 - %),0013431,Portugal,S5A20243,2024-11-29,Trimestral,A
População empregada com idade entre 16 e 74 anos (N.º),0007970,Portugal,S3A202410,2024-11-29,Mensal,A
Produto interno bruto dados encadeados em volume (B.1*g) (Base 2021 - €),0013430,Portugal,S5A20243,2024-11-29,Trimestral,A
Taxa de desemprego (%) da população ativa com idade entre 16 e 74 anos,0007976,Portugal,S3A202410,2024-11-29,Mensal,A
Passageiros transportados (N.º) pelas empresas exploradoras de sistema ferroviário pesado,0000901,Portugal,S3A202409,2024-11-29,Mensal,A
Índice de produção industrial - ajustado de efeitos de calendário e de sazonalidade (Base - 2021),0011889,Portugal,S3A202410,2024-11-29,Mensal,A
Indicador de confiança (Saldo de respostas extremas) da Construção,0000147,Portugal,S3A202411,2024-11-28,Mensal,A
Indicador de confiança dos consumidores (Saldo de respostas extremas),0001173,Portugal,S3A202411,2024-11-28,Mensal,A
Perspetiva sobre a situação económica do país nos próximos 12 meses (Saldo de respostas extremas),0001169,Portugal,S3A202411,2024-11-28,Mensal,A
Indicador de confiança (Saldo de respostas extremas) do Comércio,0001163,Portugal,S3A202411,2024-11-28,Mensal,A
Grau de poupança do agregado familiar (Saldo de respostas extremas),0001175,Portugal,S3A202411,2024-11-28,Mensal,A
Indicador de confiança (SRE - Valores corrigidos de sazonalidade) dos serviços,0001213,Portugal,S3A202411,2024-11-28,Mensal,A
Indicador de clima económico (% - mm3m),0001222,Portugal,S3A202411,2024-11-28,Mensal,A
Perspetiva sobre a situação financeira do agregado familiar nos próximos 12 meses (Saldo de respostas extremas),0001171,Portugal,S3A202411,2024-11-28,Mensal,A
Perspetiva sobre oportunidade de realização de poupança nos próximos 12 meses (Saldo de respostas extremas),0001176,Portugal,S3A202411,2024-11-28,Mensal,A
Resíduos Setoriais produzidos (t),0006061,Portugal,S7A2023,2024-11-27,Anual,A
Valor mediano de avaliação bancária (€/ m²),0012248,Município,S3A202410,2024-11-26,Mensal,A
Constituição de pessoas coletivas e entidades equiparadas (N.º),0012244,Município,S3A202410,2024-11-22,Mensal,A
Dissolução de pessoas coletivas e entidades equiparadas (N.º),0012245,Município,S3A202410,2024-11-22,Mensal,A
Agregados domésticos privados com pelo menos um indivíduo com idade entre 16 e 74 anos e com ligação à Internet em casa através de banda larga (N.º),0002510,NUTS II,S7A2024,2024-11-21,Anual,A
Proporção de indivíduos com idade entre 16 e 74 anos que utilizaram comércio eletrónico para fins privados nos 12 meses anteriores à entrevista (%),0009995,Portugal,S7A2024,2024-11-21,Anual,A
Indivíduos com idade entre 16 e 74 anos que utilizaram a Internet para realizar serviços avançados para fins privados nos primeiros 3 meses do ano (N.º),0002513,NUTS II,S7A2024,2024-11-21,Anual,A
Indivíduos com idade entre 16 e 74 anos que utilizaram Internet nos primeiros 3 meses do ano (N.º),0002519,NUTS II,S7A2024,2024-11-21,Anual,A
Índices de preços na produção industrial - bruto (Base - 2021),0011991,Portugal,S3A202410,2024-11-20,Mensal,A
Índices de preços na produção industrial no mercado interno - bruto (Taxa de variação homóloga - Base 2021 - %),0011996,Portugal,S3A202410,2024-11-20,Mensal,A
Nados-vivos (N.º),0007286,NUTS III,S3A202409,2024-11-15,Mensal,D
Casamentos celebrados (N.º),0007287,NUTS III,S3A202409,2024-11-15,Mensal,D
Nados-vivos (N.º),0012094,NUTS III,S3A202409,2024-11-15,Mensal,D
Óbitos (N.º),0012101,NUTS II,S7A2024,2024-11-15,Anual,D
Óbitos (N.º),0007264,NUTS III,S3A202409,2024-11-15,Mensal,D
Hóspedes (N.º) nos estabelecimentos de alojamento turístico,0012089,Município,S3A202409,2024-11-14,Mensal,D
Dormidas (N.º) nos estabelecimentos de alojamento turístico,0012088,Município,S3A202409,2024-11-14,Mensal,D
Passageiros embarcados (N.º) nos aeroportos,0000861,Aeroporto,S3A202409,2024-11-13,Mensal,D
Índice de custo do trabalho (Base - 2020),0011798,Portugal,S5A20243,2024-11-13,Trimestral,D
Investigadoras/es equivalente a tempo integral (ETI) (N.º) nas instituições e empresas com investigação e desenvolvimento,0008081,Município,S7A2022,2024-11-13,Anual,D
Carga desembarcada (t) nos aeroportos,0000869,Aeroporto,S3A202409,2024-11-13,Mensal,D
Índice de preços no consumidor (Taxa de variação homóloga - Base 2012 - %),0002386,PT/Continente,S3A202410,2024-11-13,Mensal,D
Índice harmonizado de preços no consumidor (Taxa de variação média dos últimos 12 meses - Base 2015 - %),0000111,Portugal,S3A202410,2024-11-13,Mensal,D
Índice de preços no consumidor (Taxa de variação mensal - Base 2012 - %),0002388,PT/Continente,S3A202410,2024-11-13,Mensal,D
Carga embarcada (t) nos aeroportos,0000868,Aeroporto,S3A202409,2024-11-13,Mensal,D
Índice harmonizado de preços no consumidor (Taxa de variação homóloga - Base 2015 - %),0000106,Portugal,S3A202410,2024-11-13,Mensal,D
Passageiros desembarcados (N.º) nos Aeroportos,0000862,Aeroporto,S3A202409,2024-11-13,Mensal,D
"Índice de preços no consumidor (IPC, Base - 2012)",0002384,PT/Continente,S3A202410,2024-11-13,Mensal,D
"Índice harmonizado de preços no consumidor (IHPC, Base - 2015)",0000105,Portugal,S3A202410,2024-11-13,Mensal,D
Índice de preços no consumidor (Taxa de variação média dos últimos 12 meses - Base 2012 - %),0002390,PT/Continente,S3A202410,2024-11-13,Mensal,D
Exportações (€) de bens,0001400,Agrupamento/País,S3A202409,2024-11-08,Mensal,D
Importações (€) de bens,0005717,Agrupamento/País,S18A202409,2024-11-08,Mensal acumulado,D
Exportações (€) de bens,0005716,Agrupamento/País,S3A202409,2024-11-08,Mensal,D
Importações (€) de bens,0001397,Agrupamento/País,S3A202409,2024-11-08,Mensal,D
Exportações (€) de bens,0005718,Agrupamento/País,S18A202409,2024-11-08,Mensal acumulado,D
Importações (€) de bens,0005715,Agrupamento/País,S3A202409,2024-11-08,Mensal,D
Jovens com idade entre 16 e 34 anos não empregados que não estão em educação ou formação (Série 2021 - N.º),0010649,NUTS II,S5A20243,2024-11-06,Trimestral,D
Taxa de desemprego (Série 2021 - %),0010704,NUTS II,S5A20243,2024-11-06,Trimestral,D
População empregada (Série 2021 - N.º),0010667,NUTS II,S5A20243,2024-11-06,Trimestral,D
População desempregada (Série 2021 - N.º),0010659,Portugal,S5A20243,2024-11-06,Trimestral,D
Taxa de atividade da população em idade ativa (Série 2021 - %),0010703,NUTS II,S5A20243,2024-11-06,Trimestral,D
População ativa (Série 2021 - N.º),0010654,NUTS II,S5A20243,2024-11-06,Trimestral,D
Subutilização do trabalho (Série 2021 - N.º),0010701,Portugal,S5A20243,2024-11-06,Trimestral,D
Proporção de reclusas/os preventivas/os existentes em 31 de dezembro (%) nos estabelecimentos prisionais comuns,0007347,Portugal,S7A2023,2024-10-31,Anual,D
Agentes/ suspeitas/os identificadas/os em crimes de violência doméstica contra o cônjuge ou análogo registados pela PSP e GNR (N.º),0008154,Portugal,S7A2023,2024-10-31,Anual,D
Viagens (N.º) feitas pelos turistas,0007172,Portugal,S5A20242,2024-10-28,Trimestral,D
Viagens (N.º) feitas pelos turistas,0007171,Portugal,S3A202406,2024-10-28,Mensal,D
Despesas em artes do espetáculo (€) dos municípios,0008061,Município,S7A2023,2024-10-25,Anual,D
Despesas em arquitetura (€) dos municípios,0008063,Município,S7A2023,2024-10-25,Anual,D
Farmácias e postos farmacêuticos móveis por 1000 habitantes (N.º),0013202,Município,S7A2023,2024-10-25,Anual,D
Despesas em património cultural (€) dos municípios,0008057,Município,S7A2023,2024-10-25,Anual,D
Despesas em audiovisual e multimédia (€) dos municípios,0008062,Município,S7A2023,2024-10-25,Anual,D
Despesas em atividades interdisciplinares (€) dos municípios,0008064,Município,S7A2023,2024-10-25,Anual,D
Despesas em artes visuais (€) dos municípios,0008060,Município,S7A2023,2024-10-25,Anual,D
Despesas em atividades culturais e criativas (€) dos municípios,0007985,Município,S7A2023,2024-10-25,Anual,D
Estabelecimentos de ensino superior (N.º),0012597,Município,7A2024_3,2024-10-22,Anual,D
Veículos rodoviários motorizados (N.º),0007244,Portugal,S7A2023,2024-10-22,Anual,D
Valor mediano das vendas por m2 de alojamentos familiares nos últimos 12 meses (Metodologia 2022 - €),0012234,Freguesia,S5A20242,2024-10-21,Trimestral,D
Produção de leite (l),0013528,NUTS II,S7A2023,2024-10-17,Anual,D
Produção de leite (l),0008609,NUTS II,S7A2023,2024-10-17,Anual,D
Incêndios rurais (N.º),0013512,Município,S7A2023,2024-10-16,Anual,D
Exemplares vendidos da edição impressa de publicações periódicas (N.º),0003768,Portugal,S7A2023,2024-10-14,Anual,D
Contribuições sociais em percentagem do PIB (%),0009227,Portugal,S7A2023,2024-10-10,Anual,D
Empresas Intra-UE importadoras de bens (€),0007229,Portugal,S7A2022,2024-10-08,Anual,D
Empresas Extra-UE exportadoras de bens (€),0007232,Portugal,S7A2022,2024-10-08,Anual,D
Mercadorias carregadas (Tráfego nacional - t),0002619,Porto,S3A202406,2024-10-03,Mensal,D
Produto interno bruto real per capita (Taxa de variação anual - Base 2021 - %),0013493,Portugal,S7A2023,2024-10-03,Anual,D
Mercadorias carregadas (t),0000766,Porto,S7A2023,2024-10-03,Anual,D
Mercadorias descarregadas (t),0000768,Porto,S7A2023,2024-10-03,Anual,D
Arqueação bruta das embarcações de comércio (GT),0000764,Porto,S7A2023,2024-10-03,Anual,D
Imigrantes permanentes (N.º),0006055,Portugal,S7A2023,2024-09-30,Anual,D
Ganho médio mensal (€),0012653,Município,S7A2022,2024-09-27,Anual,D
Valor mediano das rendas por m2 de novos contratos de arrendamento de alojamentos familiares (€),0012571,NUTS III,S5A20242,2024-09-26,Trimestral,D
Espetadores de teatro (N.º),0005423,Portugal,S7A2023,2024-09-25,Anual,D
Saldo das Administrações Públicas no ano terminado no trimestre (% do PIB),0009797,Portugal,S5A20242,2024-09-23,Trimestral,D
População estrangeira com estatuto legal de residente (N.º),0001274,Portugal,S7A2023,2024-09-20,Anual,D
Transações (€) de alojamentos familiares,0012786,NUTS II,S5A20242,2024-09-20,Trimestral,D
Índice de preços da habitação (Base - 2015),0009201,Portugal,S5A20242,2024-09-20,Trimestral,D
Proporção de exportações de bens de alta tecnologia (%),0012351,NUTS 3,S7A2023,2024-09-19,Anual,D
Exportações (€) de bens,0012349,NUTS 3,S7A2023,2024-09-19,Anual,D
Grau de abertura (%),0008786,NUTS III,S7A2022,2024-09-19,Anual,D
Importações (€) de bens,0012348,NUTS 3,S7A2023,2024-09-19,Anual,D
Taxa de cobertura das importações pelas exportações (%),0012350,NUTS 3,S7A2023,2024-09-19,Anual,D
Taxa de mortalidade materna por 100 000 nados-vivos (N.º),0009334,Portugal,S7A2022,2024-09-19,Anual,D
Intensidade exportadora (%),0008785,NUTS III,S7A2022,2024-09-19,Anual,D
Fogos concluídos (N.º) em construções novas para habitação familiar,0012778,NUTS II,S5A20242,2024-09-12,Trimestral,D
Museus (N.º),0004121,Portugal,S7A2023,2024-09-10,Anual,D
Visitantes (N.º) de museus,0007519,Portugal,S7A2023,2024-09-10,Anual,D
Taxa de mortalidade por lesões autoprovocadas intencionalmente (suicídio) por 100 000 habitantes (N.º),0003736,NUTS II,S7A2022,2024-09-07,Anual,D
"Taxa de mortalidade (30 a 70 anos) atribuída a doenças do aparelho circulatório, tumores malignos, diabetes mellitus e doenças crónicas respiratórias por 100 000 habitantes (N.º)",0009100,Portugal,S7A2022,2024-09-05,Anual,D
Taxa de mortalidade por acidentes rodoviários por 100 000 habitantes (N.º),0013423,NUTS II,S7A2022,2024-09-05,Anual,D
Acessos à Internet em banda larga em local fixo (N.º),0013140,Município,S7A2023,2024-09-04,Anual,D
Beneficiárias/os da prestação social para a inclusão da segurança social (N.º),0013406,Município,S7A2023,2024-08-31,Anual,D
Acessos telefónicos por 100 habitantes (N.º),0008447,Município,S7A2023,2024-08-28,Anual,D
Habitantes por estações de correio (N.º),0008454,Município,S7A2023,2024-08-28,Anual,D
Postos telefónicos públicos por 1000 habitantes (N.º),0008449,Município,S7A2023,2024-08-28,Anual,D
Postos telefónicos residenciais por 100 habitantes (N.º),0008448,Município,S7A2023,2024-08-28,Anual,D
Habitantes por postos de correio (N.º),0008455,Município,S7A2023,2024-08-28,Anual,D
Veículos novos vendidos (N.º),0012773,Município,S7A2023,2024-08-20,Anual,D
Veículos novos vendidos por 1000 habitantes (N.º),0013171,Município,S7A2023,2024-08-20,Anual,D
Importações (€) de bens,0005719,Agrupamento/País,S7A2023,2024-08-09,Anual,D
Importações (€) de bens,0000008,Agrupamento/País,S7A2023,2024-08-09,Anual,D
Exportações (€) de bens,0005720,Agrupamento/País,S7A2023,2024-08-09,Anual,D
População ativa (Série 2021 - N.º),0012148,NUTS II,S7A2023,2024-08-07,Anual,D
Taxa de escolaridade do nível de ensino superior (Série 2021 - %) da população residente com idade entre 25 e 64 anos,0011327,NUTS II,S7A2023,2024-08-07,Anual,D
Taxa de escolaridade do nível de ensino secundário (Série 2021 - %),0011326,NUTS II,S7A2023,2024-08-07,Anual,D
Taxa de desemprego (Série 2021 - %),0012173,NUTS II,S7A2023,2024-08-07,Anual,D
Taxa de abandono precoce de educação e formação (Série 2021 - %),0011298,NUTS II,S7A2023,2024-08-07,Anual,D
Aprendizagem ao longo de vida (Série 2021 - %),0011297,NUTS II,S7A2023,2024-08-07,Anual,D
Taxa de escolaridade do nível de ensino superior (Série 2021 - %) da população residente com idade entre 30 e 34 anos,0011329,Portugal,S7A2023,2024-08-07,Anual,D
Taxa de escolaridade do nível de ensino básico (Série 2021 - %),0011325,NUTS II,S7A2023,2024-08-07,Anual,D
Dirigentes no setor das administrações públicas (N.º),0007318,Portugal,S7A2023,2024-08-05,Anual,D
Proporção de dirigentes no setor das administrações públicas (%),0007319,Portugal,S7A2023,2024-08-05,Anual,D
Relação de feminilidade (mulheres por 100 homens) entre os dirigentes no setor das administrações públicas (N.º),0010081,Portugal,S7A2023,2024-08-05,Anual,D
Enfermeiras/os por 1000 habitantes (N.º),0012842,Município,S7A2023,2024-08-01,Anual,D
Médicas/os por 1000 habitantes (N.º),0012837,Município,S7A2023,2024-08-01,Anual,D
Proporção de indivíduos com idade entre 16 e 74 anos que dispõem de telemóvel próprio (%),0013340,Portugal,S7A2023,2024-07-29,Anual,D
Despesas em ambiente dos municípios por 1000 habitantes (€/ hab.),0008293,Município,S7A2022,2024-07-25,Anual,D
Taxa de criminalidade (‰),0012260,Município,S7A2023,2024-07-25,Anual,D
Pavimentos por edifício concluído (N.º) em construções novas para habitação familiar,0013250,Município,S7A2023,2024-07-18,Anual,D
Edifícios concluídos (N.º),0013255,Município,S7A2023,2024-07-18,Anual,D
Pavimentos por edifício licenciado (N.º) em construções novas para habitação familiar,0013237,Município,S7A2023,2024-07-18,Anual,D
Quartos (N.º) em estabelecimentos de alojamento turístico,0009874,Município,S7A2023,2024-07-15,Anual,D
Capacidade de alojamento (N.º) nos estabelecimentos de alojamento turístico,0009875,Município,S7A2023,2024-07-15,Anual,D
Agregados fiscais (N.º),0012742,Município,S7A2022,2024-07-15,Anual,D
Azeite produzido (hl),0000709,Região agrária,S7A2023,2024-07-13,Anual,D
Doutoradas/os (N.º),0012622,NUTS III,7A2023_3,2024-07-12,Anual,D
Praias com bandeira azul (N.º),0008951,Região hidrográfica,S7A2024,2024-07-11,Anual,D
Rendimento bruto declarado por sujeito passivo (€),0012748,Freguesia,S7A2022,2024-07-10,Anual,D
Valor mediano do rendimento bruto declarado deduzido do IRS liquidado por sujeito passivo (€),0012757,Freguesia,S7A2022,2024-07-10,Anual,D
Águas balneares (N.º),0013292,Município,S7A2023,2024-07-10,Anual,D
Estabelecimentos de alojamento turístico (N.º),0013284,Município,S7A2023,2024-07-08,Anual,D
Taxa líquida de ocupação cama (%) nos estabelecimentos de alojamento turístico,0013288,Município,S7A2023,2024-07-08,Anual,D
Dormidas (N.º) nos estabelecimentos de alojamento turístico,0009183,Município,S7A2023,2024-07-08,Anual,D
Valor médio das pensões da segurança social (€/ N.º),0004347,Total,S7A2023,2024-07-04,Anual,D
Taxa de sobrecarga das despesas em habitação (%),0006260,NUTS II,S7A2023,2024-07-04,Anual,D
Taxa de sobrelotação da habitação (%),0006261,NUTS II,S7A2023,2024-07-04,Anual,D
Pensionistas da segurança social em 31 dezembro (N.º),0004325,Total,S7A2023,2024-07-04,Anual,D
Despesas em prestações da proteção social (€),0002016,Portugal,S7A2022,2024-06-29,Anual,D
Despesas da proteção social (€),0002015,Portugal,S7A2022,2024-06-29,Anual,D
Alunas/os matriculadas/os no ensino não superior (N.º),0012424,Município,7A2023_3,2024-06-29,Anual,D
Receitas da proteção social (€),0002014,Portugal,S7A2022,2024-06-29,Anual,D
Receitas da proteção social (% do PIBpm - Base 2016),0009890,Portugal,S7A2022,2024-06-28,Anual,D
Despesas da proteção social (% do PIBpm - Base 2016),0009891,Portugal,S7A2022,2024-06-28,Anual,D
Cidades (N.º),0013217,Município,S7A2023,2024-06-27,Anual,D
Vilas (N.º),0013221,Município,S7A2023,2024-06-27,Anual,D
População residente em cidades (N.º),0013216,Município,S7A2018,2024-06-27,Não periódica,D
Desigualdade na distribuição de rendimentos S80/S20 (N.º),0004213,Portugal,S7A2022,2024-06-27,Anual,D
Freguesias (N.º),0013218,Município,S7A2023,2024-06-27,Anual,D
Taxa de risco de pobreza (Após transferências sociais - %),0005382,Portugal,S7A2022,2024-06-27,Anual,D
Coeficiente de Gini do rendimento monetário líquido por adulto equivalente (%),0004212,NUTS II,S7A2022,2024-06-26,Anual,D
Despesa em investigação e desenvolvimento (I&D - €) das instituições e empresas com investigação e desenvolvimento,0008080,Município,S7A2022,2024-06-26,Anual,D
Proporção de pessoal ao serviço equivalente a tempo integral (ETI) em atividades de investigação e desenvolvimento (I&D) (‰) na população ativa,0009713,NUTS II,S7A2022,2024-06-26,Anual,D
Proporção da despesa em investigação e desenvolvimento (I&D) no PIB (Base 2016 - %),0010084,NUTS III,S7A2022,2024-06-26,Anual,D
Investigadoras/es equivalente a tempo integral (ETI) por 1000 habitantes (N.º) nas instituições e empresas com investigação e desenvolvimento,0009853,Município,S7A2022,2024-06-26,Anual,D
"Beneficiárias/os de pensões dos regimes de proteção social na velhice e sobrevivência, sem duplas contagens (N.º)",0007517,Total,S7A2022,2024-06-26,Anual,D
"Despesa em investigação e desenvolvimento (I&D) executada pelo Estado, ensino superior e instituições privadas sem fins lucrativos financiada por fundos de empresas nacionais e estrangeiras (€)",0009114,NUTS II,S7A2022,2024-06-26,Anual,D
Proporção de investigadoras/es equivalente a tempo integral (ETI) (%) na população ativa,0002792,NUTS II,S7A2022,2024-06-26,Anual,D
Despesas da proteção social em pensões (€),0004769,Portugal,S7A2022,2024-06-26,Anual,D
Consumo de combustível automóvel por habitante (tep/ hab.),0008158,Município,S7A2022,2024-06-24,Anual,D
Consumo de gás natural (Nm³),0008286,Município,S7A2022,2024-06-24,Anual,D
Consumo de energia elétrica na indústria por consumidor (kWh/ cons.),0008227,Município,S7A2022,2024-06-24,Anual,D
Consumo doméstico de energia elétrica por consumidor (kWh/ cons.),0008225,Município,S7A2022,2024-06-24,Anual,D
Consumidores de energia elétrica (N.º),0008223,Município,S7A2022,2024-06-24,Anual,D
Proporção da população residente em risco de pobreza ou exclusão social (Europa 2030) (%),0011685,NUTS II,S7A2023,2024-06-24,Anual,D
Taxa de privação material e social severa (%),0011594,NUTS II,S7A2023,2024-06-24,Anual,D
Compras através de Terminais de Pagamento Automático por habitante (€),0012726,Município,S7A2023,2024-06-21,Anual,D
Caixas Automáticos Multibanco por 10 000 habitantes (N.º),0012723,Município,S7A2023,2024-06-21,Anual,D
Levantamentos nacionais em Caixas Automáticos Multibanco por habitante (€),0012725,Município,S7A2023,2024-06-21,Anual,D
Operações em Caixas Automáticos Multibanco por habitante (N.º),0012724,Município,S7A2023,2024-06-21,Anual,D
Percentagem do orçamento de Estado financiado por impostos cobrados internamente (%),0010003,Portugal,S7A2024,2024-06-21,Anual,D
Superfície (km²) das unidades territoriais,0011866,Freguesia,S7A2023,2024-06-20,Anual,D
Densidade populacional (N.º/ km²),0013189,Município,S7A2023,2024-06-19,Anual,D
Partos (N.º),0013168,NUTS II,S7A2023,2024-06-19,Anual,D
"População residente (Série longa, início 1991 - N.º)",0000256,NUTS II,S7A2023,2024-06-18,Anual,D
Taxa bruta de mortalidade (‰),0008265,Município,S7A2023,2024-06-18,Anual,D
Índice de envelhecimento (N.º),0008258,Município,S7A2023,2024-06-18,Anual,D
Índice de potencialidade (N.º),0008266,Município,S7A2023,2024-06-18,Anual,D
População residente (N.º),0008273,Município,S7A2023,2024-06-18,Anual,D
Índice de envelhecimento (N.º),0012909,Município,S7A2023,2024-06-18,Anual,D
Índice de longevidade (N.º),0008260,Município,S7A2023,2024-06-18,Anual,D
Índice de dependência de jovens (N.º),0008255,Município,S7A2023,2024-06-18,Anual,D
Índice de dependência de idosos (N.º),0012910,Município,S7A2023,2024-06-18,Anual,D
Taxa bruta de natalidade (‰),0013044,Município,S7A2023,2024-06-18,Anual,D
Índice de dependência de idosos (N.º),0008259,Município,S7A2023,2024-06-18,Anual,D
Índice de renovação da população em idade ativa (N.º),0008267,Município,S7A2023,2024-06-18,Anual,D
"População residente (Série longa, início 1991 - N.º)",0012903,NUTS II,S7A2023,2024-06-18,Anual,D
Saldo migratório (N.º),0008269,Município,S7A2023,2024-06-18,Anual,D
Taxa bruta de natalidade (‰),0008264,Município,S7A2023,2024-06-18,Anual,D
População residente (N.º),0004163,Distrito,S7A2023,2024-06-18,Anual,D
Saldo migratório (N.º),0013179,Município,S7A2023,2024-06-18,Anual,D
Emigrantes permanentes (N.º),0006050,Portugal,S7A2023,2024-06-18,Anual,D
Despesa consolidada em ambiente (€) dos organismos de administração pública,0002726,Portugal,S7A2022,2024-06-13,Anual,D
Taxa de mortalidade por tumores malignos (‰),0013164,Município,S7A2022,2024-06-05,Anual,D
Sessões de cinema (N.º),0005367,Portugal,S7A2023,2024-05-31,Anual,D
Recintos de cinema (N.º),0005365,Portugal,S7A2023,2024-05-31,Anual,D
Espetadores de cinema (N.º),0005368,Portugal,S7A2023,2024-05-31,Anual,D
Reclusas/os condenadas/os existentes em 31 de dezembro (N.º) nos estabelecimentos prisionais,0000852,Portugal,S7A2023,2024-05-31,Anual,D
Índice de preços de produtos agrícolas no produtor (Base - 2015),0009865,Portugal,S3A202403,2024-05-30,Mensal,D
Denúncias da linha SOS ambiente e território (N.º) do Serviço de Proteção da Natureza e do Ambiente,0008944,Portugal,S7A2023,2024-05-28,Anual,D
Capturas nominais de pescado (t),0001073,Porto principal,S7A2023,2024-05-23,Anual,D
Depósitos de clientes (€) nos estabelecimentos de outra intermediação monetária,0013049,Município,S7A2022,2024-05-17,Anual,D
Crédito concedido (€) por estabelecimentos de outra intermediação monetária,0013050,Município,S7A2022,2024-05-17,Anual,D
Estabelecimentos de outra intermediação monetária por 10 000 habitantes (N.º),0013047,Município,S7A2022,2024-05-17,Anual,D
Crédito à habitação por habitante (€),0013048,Município,S7A2022,2024-05-17,Anual,D
Nados-vivos (N.º),0008234,Freguesia,S7A2023,2024-04-30,Anual,D
Nados-vivos de mães adolescentes (N.º),0001541,Portugal,S7A2023,2024-04-30,Anual,D
Tribunais administrativos e fiscais (N.º),0008040,Portugal,S7A2023,2024-04-30,Anual,D
Acidentes de trabalho (N.º),0006893,Portugal,S7A2021,2024-04-25,Anual,D
Acidentes de trabalho mortais (N.º),0006897,Portugal,S7A2021,2024-04-25,Anual,D
Hospitais (N.º),0012885,Município,S7A2022,2024-04-06,Anual,D
Camas (lotação praticada) nos hospitais por 1000 habitantes (N.º),0012889,Município,S7A2022,2024-04-06,Anual,D
Internamentos (N.º) nos hospitais,0012862,Município,S7A2022,2024-04-05,Anual,D
Camas (N.º) dos hospitais,0012859,Município,S7A2022,2024-04-05,Anual,D
Produção vinícola declarada em mosto (hl) pelos produtores,0008236,Município,S7A2023,2024-03-28,Anual,D
Novos contratos de arrendamento de alojamentos familiares (N.º),0012601,Freguesia,S7A2023,2024-03-28,Anual,D
Valor mediano das rendas por m2 de novos contratos de arrendamento de alojamentos familiares (€),0012600,Freguesia,S7A2023,2024-03-28,Anual,D
Crimes registados (N.º) pelas autoridades policiais,0012261,Município,S7A2023,2024-03-28,Anual,D
Produção vinícola declarada em vinho (hl) pelos produtores,0012835,Município,S7A2023,2024-03-28,Anual,D
População residente (N.º),0012295,Freguesia,S7A2021,2024-03-19,Decenal,D
Edifícios (N.º),0012576,Freguesia,S7A2021,2024-03-19,Decenal,D
Taxa de analfabetismo (%),0012273,Freguesia,S7A2021,2024-03-19,Decenal,D
Taxa de desemprego (%),0012328,Freguesia,S7A2021,2024-03-19,Decenal,D
População residente (N.º),0012276,Freguesia,S7A2021,2024-03-19,Decenal,D
Agregados domésticos privados (N.º) nos alojamentos de residência habitual,0012468,Freguesia,S7A2021,2024-03-19,Decenal,D
Densidade de alojamentos (N.º/ km²),0012514,Freguesia,S7A2021,2024-03-19,Decenal,D
Alojamentos familiares clássicos (N.º),0012502,Freguesia,S7A2021,2024-03-19,Decenal,D
Consumo de energia elétrica (kWh),0008222,Município,S7A2022,2024-03-15,Anual,D
Contribuição das energias renováveis para o consumo final de eletricidade (%),0007273,Portugal,S7A2022,2024-03-15,Anual,D
Bens imóveis culturais (N.º),0012764,Município,S7A2023,2024-03-07,Anual,D
Praticantes de futebol inscritos na Federação Portuguesa de Futebol (N.º),0008036,Distrito,S7A2022,2024-03-06,Anual,D
Praticantes inscritos (N.º) em federações desportivas,0001122,Portugal,S7A2022,2024-03-05,Anual,D
Embaixadores/as (N.º),0004191,Portugal,S7A2023,2024-02-23,Anual,D
Alunas/os inscritas/os no ensino superior (N.º),0012590,Município,7A2023_3,2024-02-21,Anual,D
Índice de preços no consumidor (Ponderador IPC - Base 2012),0008348,Portugal,S7A2024,2024-02-12,Anual,D
Índice de custo de construção de habitação nova (Base - 2015),0009755,Portugal,S3A202212,2024-01-23,Mensal,D
Índice de custo de construção de habitação nova (Taxa de variação média anual - Base 2015 - %),0009758,Portugal,S3A202212,2024-01-23,Mensal,D
Passageiros transportados (N.º) pelas empresas exploradoras de transporte terrestre,0007963,NUTS II,S7A2022,2024-01-15,Anual,D
Consumo humano de vinho per capita (l/ hab.),0000178,Portugal,7A2023_3,2023-12-22,Anual,D
"Volume de negócios (€) das empresas de comércio, manutenção e reparação de veículos automóveis e motociclos",0006441,Portugal,S7A2022,2023-12-20,Anual,D
"Volume de negócios (€) das empresas de comércio por grosso, exceto de veículos automóveis e motociclos",0006442,Portugal,S7A2022,2023-12-20,Anual,D
Empresas maioritariamente estrangeiras (N.º),0007105,Portugal,S7A2022,2023-12-19,Anual,D
Proporção do valor acrescentado bruto das empresas maioritariamente estrangeiras (%),0007123,Portugal,S7A2022,2023-12-19,Anual,D
Prestações de serviços em atividades de estudos de mercado e sondagens de opinião (€) das empresas,0006843,Portugal,S7A2022,2023-12-18,Anual,D
Prestações de serviços em atividades jurídicas (€) das empresas,0006838,Portugal,S7A2022,2023-12-18,Anual,D
"Prestações de serviços em atividades de arquitetura, engenharia e técnicas afins (€) das empresas",0006840,Portugal,S7A2022,2023-12-18,Anual,D
Custo de suportes publicitários (€) das Empresas,0006846,Portugal,S7A2022,2023-12-18,Anual,D
"Prestações de serviços em atividades de contabilidade, auditoria e consultoria (€) das empresas",0006839,Portugal,S7A2022,2023-12-18,Anual,D
Prestações de serviços em atividades informáticas e conexas (€) das empresas,0006837,Portugal,S7A2022,2023-12-18,Anual,D
Prestações de serviços em atividades de emprego (€) das empresas,0006844,Portugal,S7A2022,2023-12-18,Anual,D
Prestações de serviços em atividades de publicidade (€) das empresas,0006842,Portugal,S7A2022,2023-12-18,Anual,D
Prestações de serviços em atividades de ensaios e análises técnicas (€) das empresas,0006841,Portugal,S7A2022,2023-12-18,Anual,D
Valor acrescentado bruto (€) das Empresas,0008514,Município,S7A2022,2023-12-15,Anual,D
Taxa de sobrevivência (%) das Empresas nascidas 2 anos antes,0008646,NUTS III,S7A2022,2023-12-15,Anual,D
Produção (€) das Empresas,0008475,NUTS III,S7A2022,2023-12-15,Anual,D
Taxa de natalidade (%) das empresas,0008643,NUTS III,S7A2022,2023-12-15,Anual,D
Valor acrescentado bruto (€) das Empresas,0008485,NUTS III,S7A2022,2023-12-15,Anual,D
Taxa de valor acrescentado bruto (%) das empresas,0008550,NUTS III,S7A2022,2023-12-15,Anual,D
Nascimentos (N.º) de empresas,0008642,NUTS III,S7A2022,2023-12-15,Anual,D
Empresas (N.º),0008466,NUTS III,S7A2022,2023-12-15,Anual,D
Formação bruta de capital fixo (€) das Empresas,0008486,NUTS III,S7A2022,2023-12-15,Anual,D
Pessoal ao serviço (N.º) das Empresas,0008467,NUTS III,S7A2022,2023-12-15,Anual,D
Volume de negócios (€) das empresas,0008484,NUTS III,S7A2022,2023-12-15,Anual,D
Bombeiros (N.º),0008231,Município,S7A2022,2023-12-12,Anual,D
Proporção de superfície das zonas de intervenção florestal (%),0008977,Município,S7A2022,2023-12-12,Anual,D
Perímetro (km) das unidades territoriais,0008759,Município,S7A2022,2023-12-11,Anual,D
Poder de compra per capita,0008614,Município,S7A2021,2023-11-06,Bienal,D
Fator dinamismo relativo de poder de compra,0008616,Município,S7A2021,2023-11-06,Bienal,D
"Relação entre a duração das licenças parentais iniciais do pai e da mãe, da segurança social (%)",0008252,Município,S7A2022,2023-10-04,Anual,D
Pessoal ao serviço (Série 2007 - 2022 - N.º) das organizações não governamentais de ambiente,0002699,NUTS II,S7A2022,2023-10-03,Anual,D
"Beneficiárias/os do rendimento social de inserção, da segurança social (N.º)",0008251,Município,S7A2022,2023-08-29,Anual,D
"Beneficiárias/os do rendimento social de inserção, da segurança social por 1000 habitantes em idade ativa (‰)",0008339,Município,S7A2022,2023-08-29,Anual,D
Novas/os beneficiárias/os de subsídios de desemprego da segurança social (N.º),0010280,Município,S7A2022,2023-08-25,Anual,D
"Beneficiárias/os de subsídios de desemprego, da segurança social (N.º)",0010279,Município,S7A2022,2023-08-25,Anual,D
Pensões da segurança social (€),0008249,Município,S7A2022,2023-08-24,Anual,D
Valor médio das pensões da segurança social (€/ N.º),0008248,Município,S7A2022,2023-08-24,Anual,D
Pensionistas da segurança social (N.º),0008247,Município,S7A2022,2023-08-21,Anual,D
Enfermeiras/os (N.º),0008198,Município,S7A2022,2023-07-31,Anual,D
Edifícios de habitação familiar clássica (Parque habitacional - N.º),0008328,Município,S7A2022,2023-07-18,Anual,D
Alojamentos familiares clássicos (Parque habitacional - N.º),0008329,Município,S7A2022,2023-07-18,Anual,D
Índice sintético de desenvolvimento regional (Índice global),0008243,NUTS III,S7A2021,2023-06-07,Anual,D
Consumo humano de carne per capita (kg/ hab.),0000211,Portugal,S7A2023,2023-05-25,Anual,D
Índice de custo do trabalho (Base - 2016),0009840,Portugal,S5A20224,2023-02-10,Trimestral,D
Domínios de Portugal ativos (.pt) (N.º),0001719,Portugal,S7A2021,2022-05-16,Anual,D
Superfície das explorações agrícolas (ha),0002759,NUTS II,S7A2019,2021-03-31,Não periódica,D
Unidade de trabalho ano médio por 100 hectares de superfície agrícola utilizada (UTA),0002843,NUTS II,S7A2019,2021-03-31,Não periódica,D
Unidade de trabalho ano médio por exploração agrícola (UTA),0000026,NUTS II,S7A2019,2021-03-31,Não periódica,D
População agrícola familiar (N.º),0000035,NUTS II,S7A2019,2021-03-31,Não periódica,D
Superfície agrícola utilizada (ha),0000251,NUTS II,S7A2019,2021-03-31,Não periódica,D
Proporção da população residente com 18 e mais anos com excesso de peso ou obesidade (%),0010212,NUTS II,S7A2019,2020-09-30,Quinquenal,D
